Job Title,Company name,Location
Lead Software Engineer (PHP/LAMP),CyberCoders,"Los Angeles, CA"
PHP / JavaScript Angular Full-Stack Developer - Local Bay Area Only,OSI Engineering,"Santa Clara, CA"
Senior PHP Developer,"Eva, LLC","SOUTHLAKE, TX"
PHP Developer,"Peterson Technology Partners, Inc.","Vernon Hills, IL"
PHP/Angular Developer,PlusOne,"SAINT GEORGE, UT"
PHP developer,Larsen & Toubro Infotech Ltd.,"Santa Clara, CA"
PHP Full Stack Software Engineer,Cutting Edge Recruiting Solutions,"West Palm Beach, FL"
PHP server engineer-PHP,Comrise,"Austin, TX"
PHP Developer,Federal Hill Consulting,"Washington, DC"
"Software Engineer (PHP, Salesforce.com, Javascript)",Xyant Services,"San Jose, CA"
Japanese Bilingual Software Engineer,Advantage Resourcing,"Huntington Beach, CA"
PHP Developer,Paycom,"Oklahoma City, OK"
PHP Developer,Softnet Consulting Inc,"King of Prussia, PA"
"Part-time BC-PMHNP Adult PHP Position in Brookline, MA",Universal Health Services,"Boston, MA"
Senior PHP Developer,Jobot,"Sherman Oaks, CA"
PHP Developer,Diversant LLC,"Charlotte, NC"
Applications Project Leader - PHP/SQL,Eclaro,"Alpharetta, GA"
PHP Developer,Apex Systems,"Atlanta, GA"
"Sr. Web Developer (JavaScript, PHP, Cloud)",Hays,"Saint Petersburg, FL"
PHP Programmer (100% Remote),Mastech Digital,"Chicago, IL"
PHP/Angular Developer,Randstad Technologies,"Charlotte, NC"
"Adult Psychiatrist - PHP/IOP - Appleton, WI",Rogers Behavioral Health,"Appleton, WI"
Psychiatrist - PHP IOP,Hartford Healthcare (HHC),"Groton, CT"
"PHP Developer -  E-commerce (HTML5,CSS3, Javascript)",CyberCoders,"Atlanta, GA"
"Part-time Adult PHP Psychiatrist Position in Brookline, MA",Universal Health Services,"Boston, MA"
Senior PHP Developer,Jobot,"Rochelle Park, NJ"
Lead Software Engineer (PHP/LAMP),CyberCoders,"Los Angeles, CA"
PHP / JavaScript Angular Full-Stack Developer - Local Bay Area Only,OSI Engineering,"Santa Clara, CA"
Senior PHP Developer,"Eva, LLC","SOUTHLAKE, TX"
PHP Developer,"Peterson Technology Partners, Inc.","Vernon Hills, IL"
PHP/Angular Developer,PlusOne,"SAINT GEORGE, UT"
PHP developer,Larsen & Toubro Infotech Ltd.,"Santa Clara, CA"
PHP Full Stack Software Engineer,Cutting Edge Recruiting Solutions,"West Palm Beach, FL"
PHP server engineer-PHP,Comrise,"Austin, TX"
PHP Developer,Federal Hill Consulting,"Washington, DC"
"Software Engineer (PHP, Salesforce.com, Javascript)",Xyant Services,"San Jose, CA"
Japanese Bilingual Software Engineer,Advantage Resourcing,"Huntington Beach, CA"
PHP Developer,Paycom,"Oklahoma City, OK"
PHP Developer,Softnet Consulting Inc,"King of Prussia, PA"
"Part-time BC-PMHNP Adult PHP Position in Brookline, MA",Universal Health Services,"Boston, MA"
Senior PHP Developer,Jobot,"Sherman Oaks, CA"
PHP Developer,Diversant LLC,"Charlotte, NC"
Applications Project Leader - PHP/SQL,Eclaro,"Alpharetta, GA"
PHP Developer,Apex Systems,"Atlanta, GA"
"Sr. Web Developer (JavaScript, PHP, Cloud)",Hays,"Saint Petersburg, FL"
PHP Programmer (100% Remote),Mastech Digital,"Chicago, IL"
PHP/Angular Developer,Randstad Technologies,"Charlotte, NC"
"Adult Psychiatrist - PHP/IOP - Appleton, WI",Rogers Behavioral Health,"Appleton, WI"
Psychiatrist - PHP IOP,Hartford Healthcare (HHC),"Groton, CT"
PHP Developer,MATRIX Resources,"Coppell, TX"
"PHP Developer -  E-commerce (HTML5,CSS3, Javascript)",CyberCoders,"Atlanta, GA"
"Part-time Adult PHP Psychiatrist Position in Brookline, MA",Universal Health Services,"Boston, MA"
Senior PHP Developer,Jobot,"Rochelle Park, NJ"
"Adult Psychiatrist - General and Dual Dx (IOP/PHP) - Philadelphia, PA",Rogers Behavioral Health,"Philadelphia, PA"
"PHP Developer (Yii, Azure, SQL)",CyberCoders,"Bozeman, MT"
Senior PHP / Python Developer,Jobot,"Lakewood, NJ"
"Adult and Child/Adolescent Psychiatrists (INPT/IOP/PHP) - Brown Deer, WI (Milwaukee Area)",Rogers Behavioral Health,"Brown Deer, WI"
Senior Back-End Engineer- PHP,CyberCoders,"Boise, ID"
PHP Software Developer,Jobot,"Cincinnati, OH"
"Adult Psychiatrist - PHP/IOP (Walnut Creek, CA)",Rogers Behavioral Health,"Walnut Creek, CA"
"Software/Data Engineer - PHP, ETL, Node.js",CyberCoders,"Providence, RI"
Senior PHP Developer,Jobot,"Rochelle Park, NJ"
"100% Remote Magento Developer - Magento, PHP",CyberCoders,"Phoenix, AZ"
"Adult and Child/Adolescent Psychiatrists - PHP/IOP - Kenosha, WI",Rogers Behavioral Health,"Kenosha, WI"
PHP Developer,CyberCoders,"Knoxville, TN"
Senior PHP / Python Developer,Jobot,"Lakewood, NJ"
"Adult and Child/Adolescent Psychiatrists (INPT/IOP/PHP) - West Allis, WI (Milwaukee Area)",Rogers Behavioral Health,"West Allis, WI"
"remote PHP Web Developer - React, PHP, Node",CyberCoders,"Meridian, ID"
"Child/Adolescent Addiction Psychiatrist (iop/Php) - Sheboygan, Wi *** Very Competitive Salary ***",Rogers Behavioral Health,"Sheboygan, WI"
Backend Developer - PHP/Swift,Jobot,"Glendale, CA"
"Software/Data Engineer - PHP, ETL, Node.js",CyberCoders,"Deerfield Beach, FL"
Senior PHP Developer,Jobot,"Hyattsville, MD"
"100% Remote Magento Developer - Magento, PHP",CyberCoders,"Phoenix, AZ"
Full Stack PHP Developer,CyberCoders,"Baltimore, MD"
remote - Full-Stack Software Developer - (.NET or Ruby or PHP),CyberCoders,"Las Vegas, NV"
PHP Developer,CyberCoders,"Knoxville, TN"
Senior Web Developer (PHP/JavaScript),CyberCoders,"Phoenix, AZ"
PHP Developer,CyberCoders,"Charlotte, NC"
Lead Software Engineer (PHP/LAMP),CyberCoders,"Los Angeles, CA"
PHP / JavaScript Angular Full-Stack Developer - Local Bay Area Only,OSI Engineering,"Santa Clara, CA"
Senior PHP Developer,"Eva, LLC","SOUTHLAKE, TX"
PHP Developer,"Peterson Technology Partners, Inc.","Vernon Hills, IL"
PHP/Angular Developer,PlusOne,"SAINT GEORGE, UT"
PHP developer,Larsen & Toubro Infotech Ltd.,"Santa Clara, CA"
PHP Full Stack Software Engineer,Cutting Edge Recruiting Solutions,"West Palm Beach, FL"
PHP server engineer-PHP,Comrise,"Austin, TX"
PHP Developer,Federal Hill Consulting,"Washington, DC"
"Software Engineer (PHP, Salesforce.com, Javascript)",Xyant Services,"San Jose, CA"
Japanese Bilingual Software Engineer,Advantage Resourcing,"Huntington Beach, CA"
PHP Developer,Paycom,"Oklahoma City, OK"
PHP Developer,Softnet Consulting Inc,"King of Prussia, PA"
"Part-time BC-PMHNP Adult PHP Position in Brookline, MA",Universal Health Services,"Boston, MA"
Senior PHP Developer,Jobot,"Sherman Oaks, CA"
PHP Developer,Diversant LLC,"Charlotte, NC"
Applications Project Leader - PHP/SQL,Eclaro,"Alpharetta, GA"
PHP Developer,Apex Systems,"Atlanta, GA"
"Sr. Web Developer (JavaScript, PHP, Cloud)",Hays,"Saint Petersburg, FL"
PHP Programmer (100% Remote),Mastech Digital,"Chicago, IL"
PHP/Angular Developer,Randstad Technologies,"Charlotte, NC"
"Adult Psychiatrist - PHP/IOP - Appleton, WI",Rogers Behavioral Health,"Appleton, WI"
Psychiatrist - PHP IOP,Hartford Healthcare (HHC),"Groton, CT"
PHP Developer,MATRIX Resources,"Coppell, TX"
"PHP Developer -  E-commerce (HTML5,CSS3, Javascript)",CyberCoders,"Atlanta, GA"
"Part-time Adult PHP Psychiatrist Position in Brookline, MA",Universal Health Services,"Boston, MA"
Senior PHP Developer,Jobot,"Rochelle Park, NJ"
"Adult Psychiatrist - General and Dual Dx (IOP/PHP) - Philadelphia, PA",Rogers Behavioral Health,"Philadelphia, PA"
"PHP Developer (Yii, Azure, SQL)",CyberCoders,"Bozeman, MT"
Senior PHP / Python Developer,Jobot,"Lakewood, NJ"
"Adult and Child/Adolescent Psychiatrists (INPT/IOP/PHP) - Brown Deer, WI (Milwaukee Area)",Rogers Behavioral Health,"Brown Deer, WI"
Senior Back-End Engineer- PHP,CyberCoders,"Boise, ID"
PHP Software Developer,Jobot,"Cincinnati, OH"
"Adult Psychiatrist - PHP/IOP (Walnut Creek, CA)",Rogers Behavioral Health,"Walnut Creek, CA"
"Software/Data Engineer - PHP, ETL, Node.js",CyberCoders,"Providence, RI"
Senior PHP Developer,Jobot,"Rochelle Park, NJ"
"100% Remote Magento Developer - Magento, PHP",CyberCoders,"Phoenix, AZ"
"Adult and Child/Adolescent Psychiatrists - PHP/IOP - Kenosha, WI",Rogers Behavioral Health,"Kenosha, WI"
PHP Developer,CyberCoders,"Knoxville, TN"
Senior PHP / Python Developer,Jobot,"Lakewood, NJ"
"Adult and Child/Adolescent Psychiatrists (INPT/IOP/PHP) - West Allis, WI (Milwaukee Area)",Rogers Behavioral Health,"West Allis, WI"
"remote PHP Web Developer - React, PHP, Node",CyberCoders,"Meridian, ID"
"Child/Adolescent Addiction Psychiatrist (iop/Php) - Sheboygan, Wi *** Very Competitive Salary ***",Rogers Behavioral Health,"Sheboygan, WI"
Backend Developer - PHP/Swift,Jobot,"Glendale, CA"
"Software/Data Engineer - PHP, ETL, Node.js",CyberCoders,"Deerfield Beach, FL"
Senior PHP Developer,Jobot,"Hyattsville, MD"
"100% Remote Magento Developer - Magento, PHP",CyberCoders,"Phoenix, AZ"
Full Stack PHP Developer,CyberCoders,"Baltimore, MD"
remote - Full-Stack Software Developer - (.NET or Ruby or PHP),CyberCoders,"Las Vegas, NV"
PHP Developer,CyberCoders,"Knoxville, TN"
Senior Web Developer (PHP/JavaScript),CyberCoders,"Phoenix, AZ"
PHP Developer,CyberCoders,"Charlotte, NC"
Sr. PHP Developer,CyberCoders,"Norwalk, CT"
LAMP Stack Developer,Mills Thomas,"Frederick, MD"
Web Developer,"Snickfish, LLC","MARYVILLE, TN"
20-00978- Cloud SE (Provisioner/Engineer),Sky Solutions LLC,"Orlando, FL"
Japanese Bilingual Software Engineer,Advantage Resourcing,"Huntington Beach, CA"
Web Developer (in house),"Mississippi State University, Dept. WFA","MISSISSIPPI STATE, MS"
Web Developer,SNI Technology,"Maitland, FL"
Full-Stack JavaScript Developer,Applied Resource Group,"Atlanta, GA"
Linux Support Engineer and Systems Administrator,Less Bits,"Bellingham, WA"
Software Developer   Full Cross Training Opportunity,Frank Recruitment Group,"New Jersey , NJ"
"Junior Full Stack Developer - AngularJS, Node.js, SQL",CyberCoders,"Atlanta, GA"
Linux System Administrator,Kratos Defense & Security Solutions,"Orlando, FL"
Junior Web Designer,NextGuest Inc.,"New York City, NY"
Sr. Salesforce Developer,Sage Intacct,"San Jose, CA"
Drupal Developer,Amgo Consulting,"Culver City, CA"
Sr. Software Architect/Engineer,Giving Assistant,"SAN FRANCISCO, CA"
WEB PROGRAMMER,Company Confidential,"New Castle, PA"
UI Designer,SitScape,"vienna, VA"
Ecommerce Technical Support Engineer,Tech Mahindra Limited,"Austin, TX"
Python Developer,Beacon Hill Staffing Group,"Riceland, OH"
Help Desk support,Fortuna BMC,"Mather, CA"
.Net Full Stack Developer,Convazant Inc,"Charlotte, NC"
"Application Engineer, Asset Management",Rock Central,"Detroit, MI"
"Team Leader, Software Engineering and Agile","Quicken Loans, LLC","Detroit, MI"
"Principal, Security Engineering",E-TRADE,"Alpharetta, GA"
"Website Developer in Royal Palm Beach, FL","Internet Resource Group, Inc.","Royal Palm Beach, FL"
Lead Software Engineer (PHP/LAMP),CyberCoders,"Los Angeles, CA"
PHP / JavaScript Angular Full-Stack Developer - Local Bay Area Only,OSI Engineering,"Santa Clara, CA"
Senior PHP Developer,"Eva, LLC","SOUTHLAKE, TX"
PHP Developer,"Peterson Technology Partners, Inc.","Vernon Hills, IL"
PHP/Angular Developer,PlusOne,"SAINT GEORGE, UT"
PHP developer,Larsen & Toubro Infotech Ltd.,"Santa Clara, CA"
PHP Full Stack Software Engineer,Cutting Edge Recruiting Solutions,"West Palm Beach, FL"
PHP server engineer-PHP,Comrise,"Austin, TX"
PHP Developer,Federal Hill Consulting,"Washington, DC"
"Software Engineer (PHP, Salesforce.com, Javascript)",Xyant Services,"San Jose, CA"
Japanese Bilingual Software Engineer,Advantage Resourcing,"Huntington Beach, CA"
PHP Developer,Paycom,"Oklahoma City, OK"
PHP Developer,Softnet Consulting Inc,"King of Prussia, PA"
"Part-time BC-PMHNP Adult PHP Position in Brookline, MA",Universal Health Services,"Boston, MA"
Senior PHP Developer,Jobot,"Sherman Oaks, CA"
PHP Developer,Diversant LLC,"Charlotte, NC"
Applications Project Leader - PHP/SQL,Eclaro,"Alpharetta, GA"
PHP Developer,Apex Systems,"Atlanta, GA"
"Sr. Web Developer (JavaScript, PHP, Cloud)",Hays,"Saint Petersburg, FL"
PHP Programmer (100% Remote),Mastech Digital,"Chicago, IL"
PHP/Angular Developer,Randstad Technologies,"Charlotte, NC"
"Adult Psychiatrist - PHP/IOP - Appleton, WI",Rogers Behavioral Health,"Appleton, WI"
Psychiatrist - PHP IOP,Hartford Healthcare (HHC),"Groton, CT"
PHP Developer,MATRIX Resources,"Coppell, TX"
"PHP Developer -  E-commerce (HTML5,CSS3, Javascript)",CyberCoders,"Atlanta, GA"
"Part-time Adult PHP Psychiatrist Position in Brookline, MA",Universal Health Services,"Boston, MA"
Senior PHP Developer,Jobot,"Rochelle Park, NJ"
"Adult Psychiatrist - General and Dual Dx (IOP/PHP) - Philadelphia, PA",Rogers Behavioral Health,"Philadelphia, PA"
"PHP Developer (Yii, Azure, SQL)",CyberCoders,"Bozeman, MT"
Senior PHP / Python Developer,Jobot,"Lakewood, NJ"
"Adult and Child/Adolescent Psychiatrists (INPT/IOP/PHP) - Brown Deer, WI (Milwaukee Area)",Rogers Behavioral Health,"Brown Deer, WI"
Senior Back-End Engineer- PHP,CyberCoders,"Boise, ID"
PHP Software Developer,Jobot,"Cincinnati, OH"
"Adult Psychiatrist - PHP/IOP (Walnut Creek, CA)",Rogers Behavioral Health,"Walnut Creek, CA"
"Software/Data Engineer - PHP, ETL, Node.js",CyberCoders,"Providence, RI"
Senior PHP Developer,Jobot,"Rochelle Park, NJ"
"Engineering Manager - Perl, JIRA, MySQL",CyberCoders,"Redmond, WA"
"Adult and Child/Adolescent Psychiatrists - PHP/IOP - Kenosha, WI",Rogers Behavioral Health,"Kenosha, WI"
PHP Developer,CyberCoders,"Knoxville, TN"
Senior PHP / Python Developer,Jobot,"Lakewood, NJ"
"Adult and Child/Adolescent Psychiatrists (INPT/IOP/PHP) - West Allis, WI (Milwaukee Area)",Rogers Behavioral Health,"West Allis, WI"
"remote PHP Web Developer - React, PHP, Node",CyberCoders,"Meridian, ID"
"Child/Adolescent Addiction Psychiatrist (iop/Php) - Sheboygan, Wi *** Very Competitive Salary ***",Rogers Behavioral Health,"Sheboygan, WI"
Backend Developer - PHP/Swift,Jobot,"Glendale, CA"
"Software/Data Engineer - PHP, ETL, Node.js",CyberCoders,"Deerfield Beach, FL"
Senior PHP Developer,Jobot,"Hyattsville, MD"
"100% Remote Magento Developer - Magento, PHP",CyberCoders,"Phoenix, AZ"
Full Stack PHP Developer,CyberCoders,"Baltimore, MD"
remote - Full-Stack Software Developer - (.NET or Ruby or PHP),CyberCoders,"Las Vegas, NV"
PHP Developer,CyberCoders,"Knoxville, TN"
Senior Web Developer (PHP/JavaScript),CyberCoders,"Phoenix, AZ"
PHP Developer,CyberCoders,"Charlotte, NC"
Sr. PHP Developer,CyberCoders,"Norwalk, CT"
LAMP Stack Developer,Mills Thomas,"Frederick, MD"
Web Developer,"Snickfish, LLC","MARYVILLE, TN"
20-00978- Cloud SE (Provisioner/Engineer),Sky Solutions LLC,"Orlando, FL"
Japanese Bilingual Software Engineer,Advantage Resourcing,"Huntington Beach, CA"
Web Developer (in house),"Mississippi State University, Dept. WFA","MISSISSIPPI STATE, MS"
Web Developer,SNI Technology,"Maitland, FL"
Full-Stack JavaScript Developer,Applied Resource Group,"Atlanta, GA"
Linux Support Engineer and Systems Administrator,Less Bits,"Bellingham, WA"
Software Developer   Full Cross Training Opportunity,Frank Recruitment Group,"New Jersey , NJ"
Systems/Software Engineer,CyberCoders,"Crothersville, IN"
Linux System Administrator,Kratos Defense & Security Solutions,"Orlando, FL"
Junior Web Designer,NextGuest Inc.,"New York City, NY"
Sr. Salesforce Developer,Sage Intacct,"San Jose, CA"
Drupal Developer,Amgo Consulting,"Culver City, CA"
Sr. Software Architect/Engineer,Giving Assistant,"SAN FRANCISCO, CA"
WEB PROGRAMMER,Company Confidential,"New Castle, PA"
UI Designer,SitScape,"vienna, VA"
Ecommerce Technical Support Engineer,Tech Mahindra Limited,"Austin, TX"
Python Developer,Beacon Hill Staffing Group,"Riceland, OH"
Help Desk support,Fortuna BMC,"Mather, CA"
.Net Full Stack Developer,Convazant Inc,"Charlotte, NC"
"Application Engineer, Asset Management",Rock Central,"Detroit, MI"
"Team Leader, Software Engineering and Agile","Quicken Loans, LLC","Detroit, MI"
"Principal, Security Engineering",E-TRADE,"Alpharetta, GA"
"Website Developer in Royal Palm Beach, FL","Internet Resource Group, Inc.","Royal Palm Beach, FL"
Software Engineer I,West Coast Consulting LLC,"Menlo Park, CA"
Software Developer,Standard Goods LLC,"Dover Plains, NY"
Web Application Developer,West Herr Automotive Group,"Orchard Park, NY"
Bioinformatician,Scientific Search,"Piscataway, NJ"
Systems Programmer,"Walrath Recruiting, Inc.","Latham, NY"
Senior Web and Applications Developer,The National Federation of the Blind,"BALTIMORE, MD"
Full Stack Developer,Interactive Offers,"BOCA RATON, FL"
Senior Software Engineer,JobTarget,"Stamford, CT"
Drupal Commerce Engineer,"Agile Global Solutions, Inc.","Elk Grove, CA"
Web Developer,Mueller Inc,"Dallas, TX"
Lead Software Engineer (PHP/LAMP),CyberCoders,"Los Angeles, CA"
Senior Software Engineer (Remote Eligible),Relatient LLC,"Franklin, TN"
Lead Application Developer,Oregon Mutual Insurance,"Portland, OR"
Sr. Drupal Developer,US Tech Solutions,"Austin, TX"
APIGEE API developer,iPivot LLC,"San Francisco, CA"
"Engineer, Software I",Leviton Manufacturing,"Melville, NY"
Senior Optics Engineer - Aero Displays & Graphics,Honeywell,"Phoenix, AZ"
Senior Site Reliability Engineer (DevOps),Reynolds and Reynolds,"Dayton, OH"
Software Developer Intern - Spring 2021,Blubrry,"Westerville, OH"
Full Stack Developer,"DSS, Inc.","Juno Beach, FL"
Website Developer,"King Technology, inc.","Springfield, IL"
Registered Nurse Emergency Department PRN,University Hospital - Broward County,"Tamarac, FL"
Registered Nurse  ICU  PRN,JFK Medical Center North Campus,"West Palm Beach, FL"
Application Systems Analyst - IHS,Chickasaw Nation Industries,"Rockville, MD"
Security Architect,ProTech Solutions,"Birmingham, AL"
Magento Developer,Virtusa,"Houston, TX"
Lead Software Engineer (PHP/LAMP),CyberCoders,"Los Angeles, CA"
PHP / JavaScript Angular Full-Stack Developer - Local Bay Area Only,OSI Engineering,"Santa Clara, CA"
Senior PHP Developer,"Eva, LLC","SOUTHLAKE, TX"
PHP Developer,"Peterson Technology Partners, Inc.","Vernon Hills, IL"
PHP/Angular Developer,PlusOne,"SAINT GEORGE, UT"
PHP developer,Larsen & Toubro Infotech Ltd.,"Santa Clara, CA"
PHP Full Stack Software Engineer,Cutting Edge Recruiting Solutions,"West Palm Beach, FL"
PHP server engineer-PHP,Comrise,"Austin, TX"
PHP Developer,Federal Hill Consulting,"Washington, DC"
"Software Engineer (PHP, Salesforce.com, Javascript)",Xyant Services,"San Jose, CA"
Japanese Bilingual Software Engineer,Advantage Resourcing,"Huntington Beach, CA"
PHP Developer,Paycom,"Oklahoma City, OK"
PHP Developer,Softnet Consulting Inc,"King of Prussia, PA"
"Part-time BC-PMHNP Adult PHP Position in Brookline, MA",Universal Health Services,"Boston, MA"
Senior PHP Developer,Jobot,"Sherman Oaks, CA"
PHP Developer,Diversant LLC,"Charlotte, NC"
Applications Project Leader - PHP/SQL,Eclaro,"Alpharetta, GA"
PHP Developer,Apex Systems,"Atlanta, GA"
"Sr. Web Developer (JavaScript, PHP, Cloud)",Hays,"Saint Petersburg, FL"
PHP Programmer (100% Remote),Mastech Digital,"Chicago, IL"
PHP/Angular Developer,Randstad Technologies,"Charlotte, NC"
"Adult Psychiatrist - PHP/IOP - Appleton, WI",Rogers Behavioral Health,"Appleton, WI"
Psychiatrist - PHP IOP,Hartford Healthcare (HHC),"Groton, CT"
PHP Developer,MATRIX Resources,"Coppell, TX"
"PHP Developer -  E-commerce (HTML5,CSS3, Javascript)",CyberCoders,"Atlanta, GA"
"Part-time Adult PHP Psychiatrist Position in Brookline, MA",Universal Health Services,"Boston, MA"
Senior PHP Developer,Jobot,"Rochelle Park, NJ"
"Adult Psychiatrist - General and Dual Dx (IOP/PHP) - Philadelphia, PA",Rogers Behavioral Health,"Philadelphia, PA"
"PHP Developer (Yii, Azure, SQL)",CyberCoders,"Bozeman, MT"
Senior PHP / Python Developer,Jobot,"Lakewood, NJ"
"Adult and Child/Adolescent Psychiatrists (INPT/IOP/PHP) - Brown Deer, WI (Milwaukee Area)",Rogers Behavioral Health,"Brown Deer, WI"
Senior Back-End Engineer- PHP,CyberCoders,"Boise, ID"
PHP Software Developer,Jobot,"Cincinnati, OH"
"Adult Psychiatrist - PHP/IOP (Walnut Creek, CA)",Rogers Behavioral Health,"Walnut Creek, CA"
"Software/Data Engineer - PHP, ETL, Node.js",CyberCoders,"Providence, RI"
Senior PHP Developer,Jobot,"Rochelle Park, NJ"
"Engineering Manager - Perl, JIRA, MySQL",CyberCoders,"Redmond, WA"
"Adult and Child/Adolescent Psychiatrists - PHP/IOP - Kenosha, WI",Rogers Behavioral Health,"Kenosha, WI"
PHP Developer,CyberCoders,"Knoxville, TN"
Senior PHP / Python Developer,Jobot,"Lakewood, NJ"
"Adult and Child/Adolescent Psychiatrists (INPT/IOP/PHP) - West Allis, WI (Milwaukee Area)",Rogers Behavioral Health,"West Allis, WI"
"remote PHP Web Developer - React, PHP, Node",CyberCoders,"Meridian, ID"
"Child/Adolescent Addiction Psychiatrist (iop/Php) - Sheboygan, Wi *** Very Competitive Salary ***",Rogers Behavioral Health,"Sheboygan, WI"
Backend Developer - PHP/Swift,Jobot,"Glendale, CA"
"Software/Data Engineer - PHP, ETL, Node.js",CyberCoders,"Deerfield Beach, FL"
Senior PHP Developer,Jobot,"Hyattsville, MD"
"100% Remote Magento Developer - Magento, PHP",CyberCoders,"Phoenix, AZ"
Full Stack PHP Developer,CyberCoders,"Baltimore, MD"
remote - Full-Stack Software Developer - (.NET or Ruby or PHP),CyberCoders,"Las Vegas, NV"
PHP Developer,CyberCoders,"Knoxville, TN"
Senior Web Developer (PHP/JavaScript),CyberCoders,"Phoenix, AZ"
PHP Developer,CyberCoders,"Charlotte, NC"
Sr. PHP Developer,CyberCoders,"Norwalk, CT"
LAMP Stack Developer,Mills Thomas,"Frederick, MD"
Web Developer,"Snickfish, LLC","MARYVILLE, TN"
20-00978- Cloud SE (Provisioner/Engineer),Sky Solutions LLC,"Orlando, FL"
Japanese Bilingual Software Engineer,Advantage Resourcing,"Huntington Beach, CA"
Web Developer (in house),"Mississippi State University, Dept. WFA","MISSISSIPPI STATE, MS"
Web Developer,SNI Technology,"Maitland, FL"
Full-Stack JavaScript Developer,Applied Resource Group,"Atlanta, GA"
Linux Support Engineer and Systems Administrator,Less Bits,"Bellingham, WA"
Software Developer   Full Cross Training Opportunity,Frank Recruitment Group,"New Jersey , NJ"
Systems/Software Engineer,CyberCoders,"Crothersville, IN"
Linux System Administrator,Kratos Defense & Security Solutions,"Orlando, FL"
Junior Web Designer,NextGuest Inc.,"New York City, NY"
Sr. Salesforce Developer,Sage Intacct,"San Jose, CA"
Drupal Developer,Amgo Consulting,"Culver City, CA"
Sr. Software Architect/Engineer,Giving Assistant,"SAN FRANCISCO, CA"
WEB PROGRAMMER,Company Confidential,"New Castle, PA"
UI Designer,SitScape,"vienna, VA"
Ecommerce Technical Support Engineer,Tech Mahindra Limited,"Austin, TX"
Help Desk support,Fortuna BMC,"Mather, CA"
.Net Full Stack Developer,Convazant Inc,"Charlotte, NC"
"Application Engineer, Asset Management",Rock Central,"Detroit, MI"
"Team Leader, Software Engineering and Agile","Quicken Loans, LLC","Detroit, MI"
"Principal, Security Engineering",E-TRADE,"Alpharetta, GA"
"Website Developer in Royal Palm Beach, FL","Internet Resource Group, Inc.","Royal Palm Beach, FL"
Software Engineer I,West Coast Consulting LLC,"Menlo Park, CA"
Software Developer,Standard Goods LLC,"Dover Plains, NY"
Web Application Developer,West Herr Automotive Group,"Orchard Park, NY"
Bioinformatician,Scientific Search,"Piscataway, NJ"
Systems Programmer,"Walrath Recruiting, Inc.","Latham, NY"
Senior Web and Applications Developer,The National Federation of the Blind,"BALTIMORE, MD"
Full Stack Developer,Interactive Offers,"BOCA RATON, FL"
Senior Software Engineer,JobTarget,"Stamford, CT"
Drupal Commerce Engineer,"Agile Global Solutions, Inc.","Elk Grove, CA"
Web Developer,Mueller Inc,"Dallas, TX"
Senior Software Engineer (Remote Eligible),Relatient LLC,"Franklin, TN"
Lead Software Engineer (PHP/LAMP),CyberCoders,"Los Angeles, CA"
Lead Application Developer,Oregon Mutual Insurance,"Portland, OR"
Sr. Drupal Developer,US Tech Solutions,"Austin, TX"
APIGEE API developer,iPivot LLC,"San Francisco, CA"
"Engineer, Software I",Leviton Manufacturing,"Melville, NY"
Senior Optics Engineer - Aero Displays & Graphics,Honeywell,"Phoenix, AZ"
Senior Site Reliability Engineer (DevOps),Reynolds and Reynolds,"Dayton, OH"
Software Developer Intern - Spring 2021,Blubrry,"Westerville, OH"
Full Stack Developer,"DSS, Inc.","Juno Beach, FL"
Website Developer,"King Technology, inc.","Springfield, IL"
Registered Nurse Emergency Department PRN,University Hospital - Broward County,"Tamarac, FL"
Registered Nurse  ICU  PRN,JFK Medical Center North Campus,"West Palm Beach, FL"
Application Systems Analyst - IHS,Chickasaw Nation Industries,"Rockville, MD"
Security Architect,ProTech Solutions,"Birmingham, AL"
Magento Developer,Virtusa,"Houston, TX"
DevOps (Ansible) / Cloud Engineers (US Cit to pass Secret level security clearance),M9 Solutions,"Chantilly, VA"
UI Lead/Architect,Sigma Software,"Dallas, TX"
Lead Software Engineer - Full Stack/MuleSoft Integration,Discover,"Riverwoods, IL"
Software Developer,CBTS a Cincinnati Bell Company,"Hamilton, OH"
Enterprise Application Developer,"Analytical Mechanics Associates, Inc.","Huntsville, AL"
Web Developer,ATAC Corp.,"Santa Clara, CA"
Software Engineer I-10847908,L&T TECHNOLOGY SERVICES LIMITED,"Menlo Park, CA"
Systems Support,APR Consulting,"Lockport, NY"
Network Engineer III - DOCSIS Operations,SPECTRUM,"Brighton, CO"
Senior API Architect (Apigee),VincentBenjamin,"Tempe, AZ"
Python/Django developer,Tech Staffing,"New York, NY"
20-00978- Cloud SE (Provisioner/Engineer),Sky Solutions LLC,"Orlando, FL"
Java Full Stack Developer,Aurum Data Solutions,"Austin, TX"
Magento Lead,Cognizant,"St Louis, MO"
.Net Application Developer (AVA634950),AVA Consulting,"Little Rock, AR"
Golang Application Developer,PRI Technology,"Troy Hills, NJ"
Sr. .NET Developer,VLS Systems,"Neenah, WI"
Mid-Level Software Engineer,"ECS Federal, LLC","Fairfax County, VA"
E-Commerce Developer,Pharmavite LLC,"West Hills, CA"
UI / UX Designer (75%) & Developer (25%),"LingaTech, Inc.","Harrisburg, PA"
Addiction Psychiatrist,Acadia Healthcare,"Lemont, IL"
"Part-time (30hrs a week) C/A Psychiatry, Chester County",Universal Health Services,"Philadelphia, PA"
System Director of Outpatient Behavioral Health Services - Columbus,OhioHealth,"Columbus, OH"
"Psychiatrist in Lehigh Acres, FL",Prime Healthcare Services,"Lehigh Acres, FL"
BC Child & Adolescent Psychiatrist with interest in developing a Child Adolescent Psychiatry Fellowship program,Sanford Health - North,"Fargo, ND"
Child and Adolescent Outpatient Psychiatrist,Inova Health Care Services,"Fairfax, VA"
Augusta GA Psychiatry - No Call No Weekends,Enterprise Medical Services,"Augusta, GA"
Lead Software Engineer (PHP/LAMP),CyberCoders,"Los Angeles, CA"
PHP / JavaScript Angular Full-Stack Developer - Local Bay Area Only,OSI Engineering,"Santa Clara, CA"
Senior PHP Developer,"Eva, LLC","SOUTHLAKE, TX"
PHP Developer,"Peterson Technology Partners, Inc.","Vernon Hills, IL"
PHP/Angular Developer,PlusOne,"SAINT GEORGE, UT"
PHP developer,Larsen & Toubro Infotech Ltd.,"Santa Clara, CA"
PHP Full Stack Software Engineer,Cutting Edge Recruiting Solutions,"West Palm Beach, FL"
PHP server engineer-PHP,Comrise,"Austin, TX"
PHP Developer,Federal Hill Consulting,"Washington, DC"
"Software Engineer (PHP, Salesforce.com, Javascript)",Xyant Services,"San Jose, CA"
Japanese Bilingual Software Engineer,Advantage Resourcing,"Huntington Beach, CA"
PHP Developer,Paycom,"Oklahoma City, OK"
PHP Developer,Softnet Consulting Inc,"King of Prussia, PA"
"Part-time BC-PMHNP Adult PHP Position in Brookline, MA",Universal Health Services,"Boston, MA"
Senior PHP Developer,Jobot,"Sherman Oaks, CA"
PHP Developer,Diversant LLC,"Charlotte, NC"
Applications Project Leader - PHP/SQL,Eclaro,"Alpharetta, GA"
PHP Developer,Apex Systems,"Atlanta, GA"
"Sr. Web Developer (JavaScript, PHP, Cloud)",Hays,"Saint Petersburg, FL"
PHP Programmer (100% Remote),Mastech Digital,"Chicago, IL"
PHP/Angular Developer,Randstad Technologies,"Charlotte, NC"
"Adult Psychiatrist - PHP/IOP - Appleton, WI",Rogers Behavioral Health,"Appleton, WI"
Psychiatrist - PHP IOP,Hartford Healthcare (HHC),"Groton, CT"
"PHP Developer -  E-commerce (HTML5,CSS3, Javascript)",CyberCoders,"Atlanta, GA"
"Part-time Adult PHP Psychiatrist Position in Brookline, MA",Universal Health Services,"Boston, MA"
Senior PHP Developer,Jobot,"Rochelle Park, NJ"
"Adult Psychiatrist - General and Dual Dx (IOP/PHP) - Philadelphia, PA",Rogers Behavioral Health,"Philadelphia, PA"
"PHP Developer (Yii, Azure, SQL)",CyberCoders,"Bozeman, MT"
Senior PHP / Python Developer,Jobot,"Lakewood, NJ"
"Adult and Child/Adolescent Psychiatrists (INPT/IOP/PHP) - Brown Deer, WI (Milwaukee Area)",Rogers Behavioral Health,"Brown Deer, WI"
Senior Back-End Engineer- PHP,CyberCoders,"Boise, ID"
PHP Software Developer,Jobot,"Cincinnati, OH"
"Adult Psychiatrist - PHP/IOP (Walnut Creek, CA)",Rogers Behavioral Health,"Walnut Creek, CA"
"Software/Data Engineer - PHP, ETL, Node.js",CyberCoders,"Providence, RI"
Senior PHP Developer,Jobot,"Rochelle Park, NJ"
"Adult and Child/Adolescent Psychiatrists - PHP/IOP - Kenosha, WI",Rogers Behavioral Health,"Kenosha, WI"
"Engineering Manager - Perl, JIRA, MySQL",CyberCoders,"Redmond, WA"
PHP Developer,CyberCoders,"Knoxville, TN"
Senior PHP / Python Developer,Jobot,"Lakewood, NJ"
"Adult and Child/Adolescent Psychiatrists (INPT/IOP/PHP) - West Allis, WI (Milwaukee Area)",Rogers Behavioral Health,"West Allis, WI"
"remote PHP Web Developer - React, PHP, Node",CyberCoders,"Meridian, ID"
"Child/Adolescent Addiction Psychiatrist (iop/Php) - Sheboygan, Wi *** Very Competitive Salary ***",Rogers Behavioral Health,"Sheboygan, WI"
Backend Developer - PHP/Swift,Jobot,"Glendale, CA"
"Software/Data Engineer - PHP, ETL, Node.js",CyberCoders,"Deerfield Beach, FL"
Senior PHP Developer,Jobot,"Hyattsville, MD"
"100% Remote Magento Developer - Magento, PHP",CyberCoders,"Phoenix, AZ"
Full Stack PHP Developer,CyberCoders,"Baltimore, MD"
remote - Full-Stack Software Developer - (.NET or Ruby or PHP),CyberCoders,"Las Vegas, NV"
PHP Developer,CyberCoders,"Knoxville, TN"
Senior Web Developer (PHP/JavaScript),CyberCoders,"Phoenix, AZ"
PHP Developer,CyberCoders,"Charlotte, NC"
Sr. PHP Developer,CyberCoders,"Norwalk, CT"
LAMP Stack Developer,Mills Thomas,"Frederick, MD"
Web Developer,"Snickfish, LLC","MARYVILLE, TN"
20-00978- Cloud SE (Provisioner/Engineer),Sky Solutions LLC,"Orlando, FL"
Japanese Bilingual Software Engineer,Advantage Resourcing,"Huntington Beach, CA"
Web Developer (in house),"Mississippi State University, Dept. WFA","MISSISSIPPI STATE, MS"
"Principal, Security Engineering",E-TRADE,"Alpharetta, GA"
Web Developer,SNI Technology,"Maitland, FL"
Software Developer,Standard Goods LLC,"Dover Plains, NY"
Full-Stack JavaScript Developer,Applied Resource Group,"Atlanta, GA"
Linux Support Engineer and Systems Administrator,Less Bits,"Bellingham, WA"
Systems/Software Engineer,CyberCoders,"Crothersville, IN"
Software Developer   Full Cross Training Opportunity,Frank Recruitment Group,"New Jersey , NJ"
Linux System Administrator,Kratos Defense & Security Solutions,"Orlando, FL"
Junior Web Designer,NextGuest Inc.,"New York City, NY"
Sr. Salesforce Developer,Sage Intacct,"San Jose, CA"
Drupal Developer,Amgo Consulting,"Culver City, CA"
Sr. Software Architect/Engineer,Giving Assistant,"SAN FRANCISCO, CA"
WEB PROGRAMMER,Company Confidential,"New Castle, PA"
Full Stack Developer,Interactive Offers,"BOCA RATON, FL"
UI Designer,SitScape,"vienna, VA"
Ecommerce Technical Support Engineer,Tech Mahindra Limited,"Austin, TX"
Python Developer,Beacon Hill Staffing Group,"Riceland, OH"
Help Desk support,Fortuna BMC,"Mather, CA"
.Net Full Stack Developer,Convazant Inc,"Charlotte, NC"
"Application Engineer, Asset Management",Rock Central,"Detroit, MI"
"Team Leader, Software Engineering and Agile","Quicken Loans, LLC","Detroit, MI"
"Website Developer in Royal Palm Beach, FL","Internet Resource Group, Inc.","Royal Palm Beach, FL"
Software Engineer I,West Coast Consulting LLC,"Menlo Park, CA"
Web Application Developer,West Herr Automotive Group,"Orchard Park, NY"
Bioinformatician,Scientific Search,"Piscataway, NJ"
Systems Programmer,"Walrath Recruiting, Inc.","Latham, NY"
Senior Web and Applications Developer,The National Federation of the Blind,"BALTIMORE, MD"
Senior Software Engineer,JobTarget,"Stamford, CT"
Drupal Commerce Engineer,"Agile Global Solutions, Inc.","Elk Grove, CA"
Web Developer,Mueller Inc,"Dallas, TX"
Senior Software Engineer (Remote Eligible),Relatient LLC,"Franklin, TN"
Lead Software Engineer (PHP/LAMP),CyberCoders,"Los Angeles, CA"
Lead Application Developer,Oregon Mutual Insurance,"Portland, OR"
Sr. Drupal Developer,US Tech Solutions,"Austin, TX"
APIGEE API developer,iPivot LLC,"San Francisco, CA"
"Engineer, Software I",Leviton Manufacturing,"Melville, NY"
Senior Optics Engineer - Aero Displays & Graphics,Honeywell,"Phoenix, AZ"
Senior Site Reliability Engineer (DevOps),Reynolds and Reynolds,"Dayton, OH"
Software Developer Intern - Spring 2021,Blubrry,"Westerville, OH"
Full Stack Developer,"DSS, Inc.","Juno Beach, FL"
Website Developer,"King Technology, inc.","Springfield, IL"
Registered Nurse Emergency Department PRN,University Hospital - Broward County,"Tamarac, FL"
Registered Nurse  ICU  PRN,JFK Medical Center North Campus,"West Palm Beach, FL"
Application Systems Analyst - IHS,Chickasaw Nation Industries,"Rockville, MD"
Security Architect,ProTech Solutions,"Birmingham, AL"
Magento Developer,Virtusa,"Houston, TX"
DevOps (Ansible) / Cloud Engineers (US Cit to pass Secret level security clearance),M9 Solutions,"Chantilly, VA"
UI Lead/Architect,Sigma Software,"Dallas, TX"
Software Developer,CBTS a Cincinnati Bell Company,"Hamilton, OH"
Enterprise Application Developer,"Analytical Mechanics Associates, Inc.","Huntsville, AL"
Web Developer,ATAC Corp.,"Santa Clara, CA"
Software Engineer I-10847908,L&T TECHNOLOGY SERVICES LIMITED,"Menlo Park, CA"
Systems Support,APR Consulting,"Lockport, NY"
Network Engineer III - DOCSIS Operations,SPECTRUM,"Brighton, CO"
Senior API Architect (Apigee),VincentBenjamin,"Tempe, AZ"
Python/Django developer,Tech Staffing,"New York, NY"
Java Full Stack Developer,Aurum Data Solutions,"Austin, TX"
20-00978- Cloud SE (Provisioner/Engineer),Sky Solutions LLC,"Orlando, FL"
Magento Lead,Cognizant,"St Louis, MO"
.Net Application Developer (AVA634950),AVA Consulting,"Little Rock, AR"
Golang Application Developer,PRI Technology,"Troy Hills, NJ"
Sr. .NET Developer,VLS Systems,"Neenah, WI"
Mid-Level Software Engineer,"ECS Federal, LLC","Fairfax County, VA"
E-Commerce Developer,Pharmavite LLC,"West Hills, CA"
UI / UX Designer (75%) & Developer (25%),"LingaTech, Inc.","Harrisburg, PA"
Addiction Psychiatrist,Acadia Healthcare,"Lemont, IL"
"Part-time (30hrs a week) C/A Psychiatry, Chester County",Universal Health Services,"Philadelphia, PA"
System Director of Outpatient Behavioral Health Services - Columbus,OhioHealth,"Columbus, OH"
"Psychiatrist in Lehigh Acres, FL",Prime Healthcare Services,"Lehigh Acres, FL"
BC Child & Adolescent Psychiatrist with interest in developing a Child Adolescent Psychiatry Fellowship program,Sanford Health - North,"Fargo, ND"
Child and Adolescent Outpatient Psychiatrist,Inova Health Care Services,"Fairfax, VA"
Augusta GA Psychiatry - No Call No Weekends,Enterprise Medical Services,"Augusta, GA"
Inpatient and Outpatient Psychiatry in Denver,HCA Physician Services,"Denver, CO"
Seeking IP/OP Adult & C/A Psychiatrist,Bay Psychiatric Associates,"BERKELEY, CA"
"Geriatric Psychiatrist Needed in Austin, TX",Comp Health,"Austin, TX"
"Exciting Psychiatry Opportunity in Augusta, GA",HCA Carolina Division,"Augusta, GA"
"Full-Time, Monday-Friday - Rural Psychiatry Position Available",ProMedica,"Defiance, OH"
"Medical Director, BH Services, Lansing, MI",Horizon Health,"Lansing, MI"
Inpatient Psychiatry - Advocate Christ Medical Center,AdvocateAuroraHealth,"Oak Lawn, IL"
Principal Software Engineer,ScientiaMobile,"Reston, VA"
Software Engineer,"Harvey Nash, Inc","Seattle, WA"
SR Software Engineer,"Nesco Resource, LLC","TUCSON, AZ"
Lead Web Developer,Jobot,"Basking Ridge, NJ"
Residential Supervisor - Latham Supportive,"Wildwood Programs, Inc.","Latham, NY"
Drupal Developer - Citizenship/Permanent Residency,System One,"Princeton, NJ"
Drupal Architect,Apex Systems,"Austin, TX"
Hadoop developer,Collabera,"Addison, TX"
Milieu Technician - Telecom Switchboard (Brighton Center for Recovery - As Needed),Ascension,"Brighton, MI"
Senior Web Developer,Randstad Technologies,"Rock Island, IL"
Formstack API Developer,Eclaro,"Kennesaw, GA"
Quality Assurance Tech II,TalentBurst Inc,"Seattle, WA"
Sr. Software Developer (TS/SCI Clearance),Softworld Inc,"Springfield, VA"
ASSOCIATE IT ANALYST - SOFTWARE DEVELOPMENT,Southwest Research Institute,"San Antonio, TX"
Software Engineer Jobs in Aurora CO   IT Job Recruiters,"Softworld, Inc.","Aurora, CO"
QA & Testing Advisor,The Judge Group,"Austin, TX"
Intermediate Web Developer,Genuent,"Ontario, CA"
Hadoop Developer (s),Diversant LLC,"Addison, TX"
IT Security Manager,Case Interactive,"Lyndhurst, NJ"
Tableau Architect,Genesis10,"Plano, TX"
Lead Software Engineer (PHP/LAMP),CyberCoders,"Los Angeles, CA"
PHP / JavaScript Angular Full-Stack Developer - Local Bay Area Only,OSI Engineering,"Santa Clara, CA"
Senior PHP Developer,"Eva, LLC","SOUTHLAKE, TX"
PHP Developer,"Peterson Technology Partners, Inc.","Vernon Hills, IL"
PHP/Angular Developer,PlusOne,"SAINT GEORGE, UT"
PHP developer,Larsen & Toubro Infotech Ltd.,"Santa Clara, CA"
PHP Full Stack Software Engineer,Cutting Edge Recruiting Solutions,"West Palm Beach, FL"
PHP server engineer-PHP,Comrise,"Austin, TX"
PHP Developer,Federal Hill Consulting,"Washington, DC"
"Software Engineer (PHP, Salesforce.com, Javascript)",Xyant Services,"San Jose, CA"
Japanese Bilingual Software Engineer,Advantage Resourcing,"Huntington Beach, CA"
PHP Developer,Paycom,"Oklahoma City, OK"
PHP Developer,Softnet Consulting Inc,"King of Prussia, PA"
"Part-time BC-PMHNP Adult PHP Position in Brookline, MA",Universal Health Services,"Boston, MA"
Senior PHP Developer,Jobot,"Sherman Oaks, CA"
PHP Developer,Diversant LLC,"Charlotte, NC"
Applications Project Leader - PHP/SQL,Eclaro,"Alpharetta, GA"
PHP Developer,Apex Systems,"Atlanta, GA"
"Sr. Web Developer (JavaScript, PHP, Cloud)",Hays,"Saint Petersburg, FL"
PHP Programmer (100% Remote),Mastech Digital,"Chicago, IL"
PHP/Angular Developer,Randstad Technologies,"Charlotte, NC"
"Adult Psychiatrist - PHP/IOP - Appleton, WI",Rogers Behavioral Health,"Appleton, WI"
Psychiatrist - PHP IOP,Hartford Healthcare (HHC),"Groton, CT"
"PHP Developer -  E-commerce (HTML5,CSS3, Javascript)",CyberCoders,"Atlanta, GA"
"Part-time Adult PHP Psychiatrist Position in Brookline, MA",Universal Health Services,"Boston, MA"
Senior PHP Developer,Jobot,"Rochelle Park, NJ"
"Adult Psychiatrist - General and Dual Dx (IOP/PHP) - Philadelphia, PA",Rogers Behavioral Health,"Philadelphia, PA"
"PHP Developer (Yii, Azure, SQL)",CyberCoders,"Bozeman, MT"
Senior PHP / Python Developer,Jobot,"Lakewood, NJ"
"Adult and Child/Adolescent Psychiatrists (INPT/IOP/PHP) - Brown Deer, WI (Milwaukee Area)",Rogers Behavioral Health,"Brown Deer, WI"
Senior Back-End Engineer- PHP,CyberCoders,"Boise, ID"
PHP Software Developer,Jobot,"Cincinnati, OH"
"Adult Psychiatrist - PHP/IOP (Walnut Creek, CA)",Rogers Behavioral Health,"Walnut Creek, CA"
"Software/Data Engineer - PHP, ETL, Node.js",CyberCoders,"Providence, RI"
Senior PHP Developer,Jobot,"Rochelle Park, NJ"
"Adult and Child/Adolescent Psychiatrists - PHP/IOP - Kenosha, WI",Rogers Behavioral Health,"Kenosha, WI"
"100% Remote Magento Developer - Magento, PHP",CyberCoders,"Phoenix, AZ"
PHP Developer,CyberCoders,"Knoxville, TN"
Senior PHP / Python Developer,Jobot,"Lakewood, NJ"
"Adult and Child/Adolescent Psychiatrists (INPT/IOP/PHP) - West Allis, WI (Milwaukee Area)",Rogers Behavioral Health,"West Allis, WI"
"remote PHP Web Developer - React, PHP, Node",CyberCoders,"Meridian, ID"
"Child/Adolescent Addiction Psychiatrist (iop/Php) - Sheboygan, Wi *** Very Competitive Salary ***",Rogers Behavioral Health,"Sheboygan, WI"
Backend Developer - PHP/Swift,Jobot,"Glendale, CA"
"Software/Data Engineer - PHP, ETL, Node.js",CyberCoders,"Deerfield Beach, FL"
Senior PHP Developer,Jobot,"Hyattsville, MD"
"100% Remote Magento Developer - Magento, PHP",CyberCoders,"Phoenix, AZ"
Full Stack PHP Developer,CyberCoders,"Baltimore, MD"
remote - Full-Stack Software Developer - (.NET or Ruby or PHP),CyberCoders,"Las Vegas, NV"
PHP Developer,CyberCoders,"Knoxville, TN"
Senior Web Developer (PHP/JavaScript),CyberCoders,"Phoenix, AZ"
PHP Developer,CyberCoders,"Charlotte, NC"
Sr. PHP Developer,CyberCoders,"Norwalk, CT"
LAMP Stack Developer,Mills Thomas,"Frederick, MD"
Web Developer,"Snickfish, LLC","MARYVILLE, TN"
20-00978- Cloud SE (Provisioner/Engineer),Sky Solutions LLC,"Orlando, FL"
Japanese Bilingual Software Engineer,Advantage Resourcing,"Huntington Beach, CA"
Web Developer (in house),"Mississippi State University, Dept. WFA","MISSISSIPPI STATE, MS"
Web Developer,SNI Technology,"Maitland, FL"
Full-Stack JavaScript Developer,Applied Resource Group,"Atlanta, GA"
Linux Support Engineer and Systems Administrator,Less Bits,"Bellingham, WA"
Software Developer   Full Cross Training Opportunity,Frank Recruitment Group,"New Jersey , NJ"
Linux System Administrator,Kratos Defense & Security Solutions,"Orlando, FL"
"Junior Full Stack Developer - AngularJS, Node.js, SQL",CyberCoders,"Atlanta, GA"
Junior Web Designer,NextGuest Inc.,"New York City, NY"
Sr. Salesforce Developer,Sage Intacct,"San Jose, CA"
Drupal Developer,Amgo Consulting,"Culver City, CA"
Sr. Software Architect/Engineer,Giving Assistant,"SAN FRANCISCO, CA"
WEB PROGRAMMER,Company Confidential,"New Castle, PA"
UI Designer,SitScape,"vienna, VA"
Ecommerce Technical Support Engineer,Tech Mahindra Limited,"Austin, TX"
Python Developer,Beacon Hill Staffing Group,"Riceland, OH"
Help Desk support,Fortuna BMC,"Mather, CA"
.Net Full Stack Developer,Convazant Inc,"Charlotte, NC"
"Application Engineer, Asset Management",Rock Central,"Detroit, MI"
"Team Leader, Software Engineering and Agile","Quicken Loans, LLC","Detroit, MI"
"Principal, Security Engineering",E-TRADE,"Alpharetta, GA"
"Website Developer in Royal Palm Beach, FL","Internet Resource Group, Inc.","Royal Palm Beach, FL"
Software Engineer I,West Coast Consulting LLC,"Menlo Park, CA"
Software Developer,Standard Goods LLC,"Dover Plains, NY"
Web Application Developer,West Herr Automotive Group,"Orchard Park, NY"
Bioinformatician,Scientific Search,"Piscataway, NJ"
Systems Programmer,"Walrath Recruiting, Inc.","Latham, NY"
Senior Web and Applications Developer,The National Federation of the Blind,"BALTIMORE, MD"
Full Stack Developer,Interactive Offers,"BOCA RATON, FL"
Senior Software Engineer,JobTarget,"Stamford, CT"
Drupal Commerce Engineer,"Agile Global Solutions, Inc.","Elk Grove, CA"
Senior Oracle-SQL Programming Developer - Applications System Analyst - Information Services (Clear,University of Texas Medical Branch,"Friendswood, TX"
Web Developer,Mueller Inc,"Dallas, TX"
Web Developer (in house),"Mississippi State University, Dept. WFA","MISSISSIPPI STATE, MS"
Senior Software Engineer (Remote Eligible),Relatient LLC,"Franklin, TN"
Lead Application Developer,Oregon Mutual Insurance,"Portland, OR"
Sr. Drupal Developer,US Tech Solutions,"Austin, TX"
APIGEE API developer,iPivot LLC,"San Francisco, CA"
"Engineer, Software I",Leviton Manufacturing,"Melville, NY"
Senior Optics Engineer - Aero Displays & Graphics,Honeywell,"Phoenix, AZ"
Senior Site Reliability Engineer (DevOps),Reynolds and Reynolds,"Dayton, OH"
Software Developer Intern - Spring 2021,Blubrry,"Westerville, OH"
Full Stack Developer,"DSS, Inc.","Juno Beach, FL"
Website Developer,"King Technology, inc.","Springfield, IL"
Registered Nurse Emergency Department PRN,University Hospital - Broward County,"Tamarac, FL"
Registered Nurse  ICU  PRN,JFK Medical Center North Campus,"West Palm Beach, FL"
Application Systems Analyst - IHS,Chickasaw Nation Industries,"Rockville, MD"
Security Architect,ProTech Solutions,"Birmingham, AL"
Magento Developer,Virtusa,"Houston, TX"
DevOps (Ansible) / Cloud Engineers (US Cit to pass Secret level security clearance),M9 Solutions,"Chantilly, VA"
UI Lead/Architect,Sigma Software,"Dallas, TX"
Software Developer,CBTS a Cincinnati Bell Company,"Hamilton, OH"
Enterprise Application Developer,"Analytical Mechanics Associates, Inc.","Huntsville, AL"
Web Developer,ATAC Corp.,"Santa Clara, CA"
Software Engineer I-10847908,L&T TECHNOLOGY SERVICES LIMITED,"Menlo Park, CA"
Systems Support,APR Consulting,"Lockport, NY"
Network Engineer III - DOCSIS Operations,SPECTRUM,"Brighton, CO"
Senior API Architect (Apigee),VincentBenjamin,"Tempe, AZ"
Python/Django developer,Tech Staffing,"New York, NY"
.Net Full Stack Developer,Tech Mahindra Limited,"Austin, TX"
Java Full Stack Developer,Aurum Data Solutions,"Austin, TX"
Magento Lead,Cognizant,"St Louis, MO"
.Net Application Developer (AVA634950),AVA Consulting,"Little Rock, AR"
Golang Application Developer,PRI Technology,"Troy Hills, NJ"
Sr. .NET Developer,VLS Systems,"Neenah, WI"
Mid-Level Software Engineer,"ECS Federal, LLC","Fairfax County, VA"
E-Commerce Developer,Pharmavite LLC,"West Hills, CA"
UI / UX Designer (75%) & Developer (25%),"LingaTech, Inc.","Harrisburg, PA"
Addiction Psychiatrist,Acadia Healthcare,"Lemont, IL"
"Part-time (30hrs a week) C/A Psychiatry, Chester County",Universal Health Services,"Philadelphia, PA"
System Director of Outpatient Behavioral Health Services - Columbus,OhioHealth,"Columbus, OH"
"Psychiatrist in Lehigh Acres, FL",Prime Healthcare Services,"Lehigh Acres, FL"
BC Child & Adolescent Psychiatrist with interest in developing a Child Adolescent Psychiatry Fellowship program,Sanford Health - North,"Fargo, ND"
Child and Adolescent Outpatient Psychiatrist,Inova Health Care Services,"Fairfax, VA"
Augusta GA Psychiatry - No Call No Weekends,Enterprise Medical Services,"Augusta, GA"
Inpatient and Outpatient Psychiatry in Denver,HCA Physician Services,"Denver, CO"
Seeking IP/OP Adult & C/A Psychiatrist,Bay Psychiatric Associates,"BERKELEY, CA"
"Geriatric Psychiatrist Needed in Austin, TX",Comp Health,"Austin, TX"
"Exciting Psychiatry Opportunity in Augusta, GA",HCA Carolina Division,"Augusta, GA"
"Full-Time, Monday-Friday - Rural Psychiatry Position Available",ProMedica,"Defiance, OH"
"Medical Director, BH Services, Lansing, MI",Horizon Health,"Lansing, MI"
Inpatient Psychiatry - Advocate Christ Medical Center,AdvocateAuroraHealth,"Oak Lawn, IL"
Principal Software Engineer,ScientiaMobile,"Reston, VA"
Software Engineer,"Harvey Nash, Inc","Seattle, WA"
Lead Web Developer,Jobot,"Basking Ridge, NJ"
Database Administrator,Pecan Street Inc.,
Drupal Developer - Citizenship/Permanent Residency,System One,"Princeton, NJ"
Drupal Architect,Apex Systems,"Austin, TX"
Hadoop developer,Collabera,"Addison, TX"
Milieu Technician - Telecom Switchboard (Brighton Center for Recovery - As Needed),Ascension,"Brighton, MI"
Senior Web Developer,Randstad Technologies,"Rock Island, IL"
Formstack API Developer,Eclaro,"Kennesaw, GA"
Quality Assurance Tech II,TalentBurst Inc,"Seattle, WA"
Sr. Software Developer (TS/SCI Clearance),Softworld Inc,"Springfield, VA"
ASSOCIATE IT ANALYST - SOFTWARE DEVELOPMENT,Southwest Research Institute,"San Antonio, TX"
Software Engineer Jobs in Aurora CO   IT Job Recruiters,"Softworld, Inc.","Aurora, CO"
QA & Testing Advisor,The Judge Group,"Austin, TX"
Intermediate Web Developer,Genuent,"Ontario, CA"
Hadoop Developer (s),Diversant LLC,"Addison, TX"
IT Security Manager,Case Interactive,"Lyndhurst, NJ"
Tableau Architect,Genesis10,"Plano, TX"
Web Developer,Vaco - Richmond,"Farmville, VA"
Sr. Software/Java Architect - TS/SCI,"Intelligent Waves, LLC.","Aurora, CO"
Sr IA Engineer (Must have Active TS Clearance),Smartlink Group,"Washington, DC"
WordPress Developer,JFC Global,"Lancaster, PA"
Magento Consultant,The Accuro Group,"Malvern, PA"
Ping Identity Engineer (Remote until COVID-19 Ends),Mastech Digital,"Dallas, TX"
SR. NETWORK SECURITY ENGINEER,UW Medicine IT Services,"Seattle, WA"
Principal IT Developer,Alluvion Staffing,"Jacksonville, FL"
REMOTE Midlevel React Native Stack Developers (Laravel AWS)   eLearning,Entegee,"Baltimore, MD"
Associate Lab,Spherion,"Thousand Oaks, CA"
Statistician/Programmer,"IMS, Inc.","Rockville, MD"
Associate Lab Ambassador,PerkinElmer,"Thousand Oaks, CA"
SR Software Engineer,"Nesco Resource, LLC","TUCSON, AZ"
Web Developer - Magento -Perm!,CyberCoders,"Brooklyn, NY"
Japanese Bilingual Software Engineer,Advantage Resourcing,"Huntington Beach, CA"
"Software Engineer, Wordpress",Rock Central,"Detroit, MI"
.Net Full Stack Developer,Tech Mahindra Limited,"Austin, TX"
Software Architect,"Quicken Loans, LLC","Phoenix, AZ"
Java Developer,SNI Technology,"Maitland, FL"
Mid-Level Software Engineer,JobTarget,"Stamford, CT"
AWS Network Engineer (Remote Eligible),Relatient LLC,"Franklin, TN"
Associate Application Developer,Oregon Mutual Insurance,"Medford, OR"
Registered Nurse   Emergency Dept,JFK Medical Center North Campus,"West Palm Beach, FL"
Systems Administrator,APR Consulting,"Lockport, NY"
Systems Engineer IV - Application Analyst,SPECTRUM,"Arvada, CO"
Sr. QA Engineer (API/Apigee),VincentBenjamin,"Tempe, AZ"
Lead Software Engineer (PHP/LAMP),CyberCoders,"Los Angeles, CA"
PHP / JavaScript Angular Full-Stack Developer - Local Bay Area Only,OSI Engineering,"Santa Clara, CA"
Senior PHP Developer,"Eva, LLC","SOUTHLAKE, TX"
PHP Developer,"Peterson Technology Partners, Inc.","Vernon Hills, IL"
PHP/Angular Developer,PlusOne,"SAINT GEORGE, UT"
PHP developer,Larsen & Toubro Infotech Ltd.,"Santa Clara, CA"
PHP Full Stack Software Engineer,Cutting Edge Recruiting Solutions,"West Palm Beach, FL"
PHP server engineer-PHP,Comrise,"Austin, TX"
PHP Developer,Federal Hill Consulting,"Washington, DC"
"Software Engineer (PHP, Salesforce.com, Javascript)",Xyant Services,"San Jose, CA"
Japanese Bilingual Software Engineer,Advantage Resourcing,"Huntington Beach, CA"
PHP Developer,Paycom,"Oklahoma City, OK"
PHP Developer,Softnet Consulting Inc,"King of Prussia, PA"
"Part-time BC-PMHNP Adult PHP Position in Brookline, MA",Universal Health Services,"Boston, MA"
Senior PHP Developer,Jobot,"Sherman Oaks, CA"
PHP Developer,MATRIX Resources,"Coppell, TX"
PHP Developer,Diversant LLC,"Charlotte, NC"
Applications Project Leader - PHP/SQL,Eclaro,"Alpharetta, GA"
PHP Developer,Apex Systems,"Atlanta, GA"
"Sr. Web Developer (JavaScript, PHP, Cloud)",Hays,"Saint Petersburg, FL"
PHP Programmer (100% Remote),Mastech Digital,"Chicago, IL"
PHP/Angular Developer,Randstad Technologies,"Charlotte, NC"
"Adult Psychiatrist - PHP/IOP - Appleton, WI",Rogers Behavioral Health,"Appleton, WI"
Psychiatrist - PHP IOP,Hartford Healthcare (HHC),"Groton, CT"
"PHP Developer -  E-commerce (HTML5,CSS3, Javascript)",CyberCoders,"Atlanta, GA"
"Part-time Adult PHP Psychiatrist Position in Brookline, MA",Universal Health Services,"Boston, MA"
Senior PHP Developer,Jobot,"Rochelle Park, NJ"
"Adult Psychiatrist - General and Dual Dx (IOP/PHP) - Philadelphia, PA",Rogers Behavioral Health,"Philadelphia, PA"
"PHP Developer (Yii, Azure, SQL)",CyberCoders,"Bozeman, MT"
Senior PHP / Python Developer,Jobot,"Lakewood, NJ"
"Adult and Child/Adolescent Psychiatrists (INPT/IOP/PHP) - Brown Deer, WI (Milwaukee Area)",Rogers Behavioral Health,"Brown Deer, WI"
Senior Back-End Engineer- PHP,CyberCoders,"Boise, ID"
PHP Software Developer,Jobot,"Cincinnati, OH"
"Adult Psychiatrist - PHP/IOP (Walnut Creek, CA)",Rogers Behavioral Health,"Walnut Creek, CA"
"Software/Data Engineer - PHP, ETL, Node.js",CyberCoders,"Providence, RI"
Senior PHP Developer,Jobot,"Rochelle Park, NJ"
"100% Remote Magento Developer - Magento, PHP",CyberCoders,"Phoenix, AZ"
"Adult and Child/Adolescent Psychiatrists - PHP/IOP - Kenosha, WI",Rogers Behavioral Health,"Kenosha, WI"
PHP Developer,CyberCoders,"Knoxville, TN"
Senior PHP / Python Developer,Jobot,"Lakewood, NJ"
"Adult and Child/Adolescent Psychiatrists (INPT/IOP/PHP) - West Allis, WI (Milwaukee Area)",Rogers Behavioral Health,"West Allis, WI"
"remote PHP Web Developer - React, PHP, Node",CyberCoders,"Meridian, ID"
"Child/Adolescent Addiction Psychiatrist (iop/Php) - Sheboygan, Wi *** Very Competitive Salary ***",Rogers Behavioral Health,"Sheboygan, WI"
Backend Developer - PHP/Swift,Jobot,"Glendale, CA"
"Software/Data Engineer - PHP, ETL, Node.js",CyberCoders,"Deerfield Beach, FL"
Senior PHP Developer,Jobot,"Hyattsville, MD"
"100% Remote Magento Developer - Magento, PHP",CyberCoders,"Phoenix, AZ"
Full Stack PHP Developer,CyberCoders,"Baltimore, MD"
remote - Full-Stack Software Developer - (.NET or Ruby or PHP),CyberCoders,"Las Vegas, NV"
PHP Developer,CyberCoders,"Knoxville, TN"
Senior Web Developer (PHP/JavaScript),CyberCoders,"Phoenix, AZ"
PHP Developer,CyberCoders,"Charlotte, NC"
Sr. PHP Developer,CyberCoders,"Norwalk, CT"
LAMP Stack Developer,Mills Thomas,"Frederick, MD"
Web Developer,"Snickfish, LLC","MARYVILLE, TN"
20-00978- Cloud SE (Provisioner/Engineer),Sky Solutions LLC,"Orlando, FL"
Japanese Bilingual Software Engineer,Advantage Resourcing,"Huntington Beach, CA"
Web Developer (in house),"Mississippi State University, Dept. WFA","MISSISSIPPI STATE, MS"
"Principal, Security Engineering",E-TRADE,"Alpharetta, GA"
Web Developer,SNI Technology,"Maitland, FL"
Software Developer,Standard Goods LLC,"Dover Plains, NY"
Full-Stack JavaScript Developer,Applied Resource Group,"Atlanta, GA"
"Junior Full Stack Developer - AngularJS, Node.js, SQL",CyberCoders,"Atlanta, GA"
Linux Support Engineer and Systems Administrator,Less Bits,"Bellingham, WA"
Software Developer   Full Cross Training Opportunity,Frank Recruitment Group,"New Jersey , NJ"
Linux System Administrator,Kratos Defense & Security Solutions,"Orlando, FL"
Junior Web Designer,NextGuest Inc.,"New York City, NY"
Sr. Salesforce Developer,Sage Intacct,"San Jose, CA"
Drupal Developer,Amgo Consulting,"Culver City, CA"
Sr. Software Architect/Engineer,Giving Assistant,"SAN FRANCISCO, CA"
WEB PROGRAMMER,Company Confidential,"New Castle, PA"
Full Stack Developer,Interactive Offers,"BOCA RATON, FL"
UI Designer,SitScape,"vienna, VA"
Ecommerce Technical Support Engineer,Tech Mahindra Limited,"Austin, TX"
Python Developer,Beacon Hill Staffing Group,"Riceland, OH"
Help Desk support,Fortuna BMC,"Mather, CA"
.Net Full Stack Developer,Convazant Inc,"Charlotte, NC"
"Application Engineer, Asset Management",Rock Central,"Detroit, MI"
"Team Leader, Software Engineering and Agile","Quicken Loans, LLC","Detroit, MI"
"Website Developer in Royal Palm Beach, FL","Internet Resource Group, Inc.","Royal Palm Beach, FL"
Software Engineer I,West Coast Consulting LLC,"Menlo Park, CA"
Web Application Developer,West Herr Automotive Group,"Orchard Park, NY"
Bioinformatician,Scientific Search,"Piscataway, NJ"
Systems Programmer,"Walrath Recruiting, Inc.","Latham, NY"
Senior Web and Applications Developer,The National Federation of the Blind,"BALTIMORE, MD"
Senior Software Engineer,JobTarget,"Stamford, CT"
Drupal Commerce Engineer,"Agile Global Solutions, Inc.","Elk Grove, CA"
Web Developer,Mueller Inc,"Dallas, TX"
Web Developer (in house),"Mississippi State University, Dept. WFA","MISSISSIPPI STATE, MS"
Senior Software Engineer (Remote Eligible),Relatient LLC,"Franklin, TN"
Lead Application Developer,Oregon Mutual Insurance,"Portland, OR"
Sr. Drupal Developer,US Tech Solutions,"Austin, TX"
APIGEE API developer,iPivot LLC,"San Francisco, CA"
"Engineer, Software I",Leviton Manufacturing,"Melville, NY"
Senior Optics Engineer - Aero Displays & Graphics,Honeywell,"Phoenix, AZ"
Senior Site Reliability Engineer (DevOps),Reynolds and Reynolds,"Dayton, OH"
Software Developer Intern - Spring 2021,Blubrry,"Westerville, OH"
Full Stack Developer,"DSS, Inc.","Juno Beach, FL"
Website Developer,"King Technology, inc.","Springfield, IL"
Registered Nurse Emergency Department PRN,University Hospital - Broward County,"Tamarac, FL"
Registered Nurse  ICU  PRN,JFK Medical Center North Campus,"West Palm Beach, FL"
Application Systems Analyst - IHS,Chickasaw Nation Industries,"Rockville, MD"
Security Architect,ProTech Solutions,"Birmingham, AL"
Magento Developer,Virtusa,"Houston, TX"
DevOps (Ansible) / Cloud Engineers (US Cit to pass Secret level security clearance),M9 Solutions,"Chantilly, VA"
UI Lead/Architect,Sigma Software,"Dallas, TX"
Software Developer,CBTS a Cincinnati Bell Company,"Hamilton, OH"
Enterprise Application Developer,"Analytical Mechanics Associates, Inc.","Huntsville, AL"
Web Developer,ATAC Corp.,"Santa Clara, CA"
Software Engineer I-10847908,L&T TECHNOLOGY SERVICES LIMITED,"Menlo Park, CA"
Systems Support,APR Consulting,"Lockport, NY"
Network Engineer III - DOCSIS Operations,SPECTRUM,"Eastlake, CO"
Senior API Architect (Apigee),VincentBenjamin,"Tempe, AZ"
Python/Django developer,Tech Staffing,"New York, NY"
.Net Full Stack Developer,Tech Mahindra Limited,"Austin, TX"
Java Full Stack Developer,Aurum Data Solutions,"Austin, TX"
Magento Lead,Cognizant,"St Louis, MO"
.Net Application Developer (AVA634950),AVA Consulting,"Little Rock, AR"
Golang Application Developer,PRI Technology,"Troy Hills, NJ"
Sr. .NET Developer,VLS Systems,"Neenah, WI"
Mid-Level Software Engineer,"ECS Federal, LLC","Fairfax County, VA"
E-Commerce Developer,Pharmavite LLC,"West Hills, CA"
UI / UX Designer (75%) & Developer (25%),"LingaTech, Inc.","Harrisburg, PA"
Addiction Psychiatrist,Acadia Healthcare,"Lemont, IL"
"Part-time (30hrs a week) C/A Psychiatry, Chester County",Universal Health Services,"Philadelphia, PA"
System Director of Outpatient Behavioral Health Services - Columbus,OhioHealth,"Columbus, OH"
"Psychiatrist in Lehigh Acres, FL",Prime Healthcare Services,"Lehigh Acres, FL"
BC Child & Adolescent Psychiatrist with interest in developing a Child Adolescent Psychiatry Fellowship program,Sanford Health - North,"Fargo, ND"
Child and Adolescent Outpatient Psychiatrist,Inova Health Care Services,"Fairfax, VA"
Augusta GA Psychiatry - No Call No Weekends,Enterprise Medical Services,"Augusta, GA"
Inpatient and Outpatient Psychiatry in Denver,HCA Physician Services,"Denver, CO"
Seeking IP/OP Adult & C/A Psychiatrist,Bay Psychiatric Associates,"BERKELEY, CA"
"Geriatric Psychiatrist Needed in Austin, TX",Comp Health,"Austin, TX"
"Exciting Psychiatry Opportunity in Augusta, GA",HCA Carolina Division,"Augusta, GA"
"Full-Time, Monday-Friday - Rural Psychiatry Position Available",ProMedica,"Defiance, OH"
"Medical Director, BH Services, Lansing, MI",Horizon Health,"Lansing, MI"
Inpatient Psychiatry - Advocate Christ Medical Center,AdvocateAuroraHealth,"Oak Lawn, IL"
Principal Software Engineer,ScientiaMobile,"Reston, VA"
Software Engineer,"Harvey Nash, Inc","Seattle, WA"
Lead Web Developer,Jobot,"Basking Ridge, NJ"
Database Administrator,Pecan Street Inc.,
Drupal Developer - Citizenship/Permanent Residency,System One,"Princeton, NJ"
Drupal Architect,Apex Systems,"Austin, TX"
Hadoop developer,Collabera,"Addison, TX"
Milieu Technician - Telecom Switchboard (Brighton Center for Recovery - As Needed),Ascension,"Brighton, MI"
Senior Web Developer,Randstad Technologies,"Rock Island, IL"
Formstack API Developer,Eclaro,"Kennesaw, GA"
Quality Assurance Tech II,TalentBurst Inc,"Seattle, WA"
Sr. Software Developer (TS/SCI Clearance),Softworld Inc,"Springfield, VA"
ASSOCIATE IT ANALYST - SOFTWARE DEVELOPMENT,Southwest Research Institute,"San Antonio, TX"
Software Engineer Jobs in Aurora CO   IT Job Recruiters,"Softworld, Inc.","Aurora, CO"
QA & Testing Advisor,The Judge Group,"Austin, TX"
Intermediate Web Developer,Genuent,"Ontario, CA"
Hadoop Developer (s),Diversant LLC,"Addison, TX"
IT Security Manager,Case Interactive,"Lyndhurst, NJ"
Tableau Architect,Genesis10,"Plano, TX"
Web Developer,Vaco - Richmond,"Farmville, VA"
Sr. Software/Java Architect - TS/SCI,"Intelligent Waves, LLC.","Aurora, CO"
Sr IA Engineer (Must have Active TS Clearance),Smartlink Group,"Washington, DC"
WordPress Developer,JFC Global,"Lancaster, PA"
Magento Consultant,The Accuro Group,"Malvern, PA"
Ping Identity Engineer (Remote until COVID-19 Ends),Mastech Digital,"Dallas, TX"
SR. NETWORK SECURITY ENGINEER,UW Medicine IT Services,"Seattle, WA"
Principal IT Developer,Alluvion Staffing,"Jacksonville, FL"
REMOTE Midlevel React Native Stack Developers (Laravel AWS)   eLearning,Entegee,"Baltimore, MD"
Associate Lab,Spherion,"Thousand Oaks, CA"
Statistician/Programmer,"IMS, Inc.","Rockville, MD"
Associate Lab Ambassador,PerkinElmer,"Thousand Oaks, CA"
SR Software Engineer,"Nesco Resource, LLC","TUCSON, AZ"
Web Developer - Magento -Perm!,CyberCoders,"Brooklyn, NY"
Java Developer,SNI Technology,"Maitland, FL"
Japanese Bilingual Software Engineer,Advantage Resourcing,"Huntington Beach, CA"
"Software Engineer, Wordpress",Rock Central,"Detroit, MI"
.Net Full Stack Developer,Tech Mahindra Limited,"Austin, TX"
Software Architect,"Quicken Loans, LLC","Phoenix, AZ"
Mid-Level Software Engineer,JobTarget,"Stamford, CT"
AWS Network Engineer (Remote Eligible),Relatient LLC,"Franklin, TN"
Associate Application Developer,Oregon Mutual Insurance,"Medford, OR"
Registered Nurse   Emergency Dept,JFK Medical Center North Campus,"West Palm Beach, FL"
Systems Administrator,APR Consulting,"Lockport, NY"
Systems Engineer III,SPECTRUM,"Columbia, MO"
Sr. QA Engineer (API/Apigee),VincentBenjamin,"Tempe, AZ"
DevOps/Infrastructure Engineer (AVA0020),AVA Consulting,"Alpharetta, GA"
Magento Lead,Cognizant,"St Louis, MO"
Medical Director,Acadia Healthcare,"Austin, TX"
Psychiatrist for employed position in west Texas,Universal Health Services,"Amarillo, TX"
Psychiatrist - Mansfield,OhioHealth,"Mansfield, OH"
"Psychiatry opening in Augusta, GA",Enterprise Medical Services,"Augusta, GA"
"Outpatient Psychiatrist - Mission Health in Asheville, NC",HCA Physician Services,"Asheville, NC"
Adolescent Inpatient Psychiatrist,Inova Health Care Services,"Falls Church, VA"
"Child Adolescent Psychiatrist Needed in Austin, TX",Comp Health,"Austin, TX"
"7 on / 7 off, Employed Academic Psychiatric Hospitalist needed in Macon, GA",HCA Carolina Division,"Macon, GA"
"Staff Software Engineer, Junior","ECS Federal, Inc.","Tacoma, WA"
Lead Web Developer,Jobot,"Easton, PA"
Master Level Outpatient Therapist - Brighton Center for Recovery (Fee Split Paid),Ascension,"Brighton, MI"
Sr. Java Developer,Randstad Technologies,"Jacksonville, FL"
Junior Software Developer - TS/SCI Jobs in Arnold MO   IT Job Recruiters,"Softworld, Inc.","Arnold, MO"
Software Engineer - C#/Java/Python,"Harvey Nash, Inc","Seattle, WA"
Web Designer,Apex Systems,"Irvine, CA"
Web Designer / Developer - III,The Judge Group,"Irvine, CA"
Application Programmer V- Hadoop,Diversant LLC,"Addison, TX"
Full Time Web Developer,Vaco - Richmond,"Richmond, VA"
Cyber Security Manager,Case Interactive,"Lyndhurst, NJ"
Software Developer,Collabera,"Farmington Hills, MI"
Manager of Software Engineering,Genuent,"Aliso Viejo, CA"
Magento Consultant,The Accuro Group,"Malvern, PA"
Lead Software Quality Assurance Engineer,Genesis10,"Eden Prairie, MN"
Ember Developer - USC or Permanent Residency Only,System One,"Princeton, NJ"
Lead Software Engineer (PHP/LAMP),CyberCoders,"Los Angeles, CA"
PHP / JavaScript Angular Full-Stack Developer - Local Bay Area Only,OSI Engineering,"Santa Clara, CA"
Senior PHP Developer,"Eva, LLC","SOUTHLAKE, TX"
PHP Developer,"Peterson Technology Partners, Inc.","Vernon Hills, IL"
PHP/Angular Developer,PlusOne,"SAINT GEORGE, UT"
PHP developer,Larsen & Toubro Infotech Ltd.,"Santa Clara, CA"
PHP Full Stack Software Engineer,Cutting Edge Recruiting Solutions,"West Palm Beach, FL"
PHP server engineer-PHP,Comrise,"Austin, TX"
PHP Developer,Federal Hill Consulting,"Washington, DC"
"Software Engineer (PHP, Salesforce.com, Javascript)",Xyant Services,"San Jose, CA"
Japanese Bilingual Software Engineer,Advantage Resourcing,"Huntington Beach, CA"
PHP Developer,Paycom,"Oklahoma City, OK"
PHP Developer,Softnet Consulting Inc,"King of Prussia, PA"
"Part-time BC-PMHNP Adult PHP Position in Brookline, MA",Universal Health Services,"Boston, MA"
Senior PHP Developer,Jobot,"Sherman Oaks, CA"
PHP Developer,MATRIX Resources,"Coppell, TX"
PHP Developer,Diversant LLC,"Charlotte, NC"
Applications Project Leader - PHP/SQL,Eclaro,"Alpharetta, GA"
PHP Developer,Apex Systems,"Atlanta, GA"
"Sr. Web Developer (JavaScript, PHP, Cloud)",Hays,"Saint Petersburg, FL"
PHP Programmer (100% Remote),Mastech Digital,"Chicago, IL"
PHP/Angular Developer,Randstad Technologies,"Charlotte, NC"
"Adult Psychiatrist - PHP/IOP - Appleton, WI",Rogers Behavioral Health,"Appleton, WI"
Psychiatrist - PHP IOP,Hartford Healthcare (HHC),"Groton, CT"
"PHP Developer -  E-commerce (HTML5,CSS3, Javascript)",CyberCoders,"Atlanta, GA"
"Part-time Adult PHP Psychiatrist Position in Brookline, MA",Universal Health Services,"Boston, MA"
Senior PHP Developer,Jobot,"Rochelle Park, NJ"
"Adult Psychiatrist - General and Dual Dx (IOP/PHP) - Philadelphia, PA",Rogers Behavioral Health,"Philadelphia, PA"
"PHP Developer (Yii, Azure, SQL)",CyberCoders,"Bozeman, MT"
Senior PHP / Python Developer,Jobot,"Lakewood, NJ"
"Adult and Child/Adolescent Psychiatrists (INPT/IOP/PHP) - Brown Deer, WI (Milwaukee Area)",Rogers Behavioral Health,"Brown Deer, WI"
Senior Back-End Engineer- PHP,CyberCoders,"Boise, ID"
PHP Software Developer,Jobot,"Cincinnati, OH"
"Adult Psychiatrist - PHP/IOP (Walnut Creek, CA)",Rogers Behavioral Health,"Walnut Creek, CA"
"Software/Data Engineer - PHP, ETL, Node.js",CyberCoders,"Providence, RI"
Senior PHP Developer,Jobot,"Rochelle Park, NJ"
"100% Remote Magento Developer - Magento, PHP",CyberCoders,"Phoenix, AZ"
"Adult and Child/Adolescent Psychiatrists - PHP/IOP - Kenosha, WI",Rogers Behavioral Health,"Kenosha, WI"
PHP Developer,CyberCoders,"Knoxville, TN"
Senior PHP / Python Developer,Jobot,"Lakewood, NJ"
"Adult and Child/Adolescent Psychiatrists (INPT/IOP/PHP) - West Allis, WI (Milwaukee Area)",Rogers Behavioral Health,"West Allis, WI"
"remote PHP Web Developer - React, PHP, Node",CyberCoders,"Meridian, ID"
"Child/Adolescent Addiction Psychiatrist (iop/Php) - Sheboygan, Wi *** Very Competitive Salary ***",Rogers Behavioral Health,"Sheboygan, WI"
Backend Developer - PHP/Swift,Jobot,"Glendale, CA"
"Software/Data Engineer - PHP, ETL, Node.js",CyberCoders,"Deerfield Beach, FL"
Senior PHP Developer,Jobot,"Hyattsville, MD"
"100% Remote Magento Developer - Magento, PHP",CyberCoders,"Phoenix, AZ"
Full Stack PHP Developer,CyberCoders,"Baltimore, MD"
remote - Full-Stack Software Developer - (.NET or Ruby or PHP),CyberCoders,"Las Vegas, NV"
PHP Developer,CyberCoders,"Knoxville, TN"
Senior Web Developer (PHP/JavaScript),CyberCoders,"Phoenix, AZ"
PHP Developer,CyberCoders,"Charlotte, NC"
Sr. PHP Developer,CyberCoders,"Norwalk, CT"
LAMP Stack Developer,Mills Thomas,"Frederick, MD"
Web Developer,"Snickfish, LLC","MARYVILLE, TN"
20-00978- Cloud SE (Provisioner/Engineer),Sky Solutions LLC,"Orlando, FL"
Japanese Bilingual Software Engineer,Advantage Resourcing,"Huntington Beach, CA"
Web Developer (in house),"Mississippi State University, Dept. WFA","MISSISSIPPI STATE, MS"
Web Developer,SNI Technology,"Maitland, FL"
Full-Stack JavaScript Developer,Applied Resource Group,"Atlanta, GA"
Linux Support Engineer and Systems Administrator,Less Bits,"Bellingham, WA"
Software Developer   Full Cross Training Opportunity,Frank Recruitment Group,"New Jersey , NJ"
"Junior Full Stack Developer - AngularJS, Node.js, SQL",CyberCoders,"Atlanta, GA"
Linux System Administrator,Kratos Defense & Security Solutions,"Orlando, FL"
Junior Web Designer,NextGuest Inc.,"New York City, NY"
Sr. Salesforce Developer,Sage Intacct,"San Jose, CA"
Drupal Developer,Amgo Consulting,"Culver City, CA"
Sr. Software Architect/Engineer,Giving Assistant,"SAN FRANCISCO, CA"
WEB PROGRAMMER,Company Confidential,"New Castle, PA"
UI Designer,SitScape,"vienna, VA"
Ecommerce Technical Support Engineer,Tech Mahindra Limited,"Austin, TX"
Python Developer,Beacon Hill Staffing Group,"Riceland, OH"
Help Desk support,Fortuna BMC,"Mather, CA"
.Net Full Stack Developer,Convazant Inc,"Charlotte, NC"
"Application Engineer, Asset Management",Rock Central,"Detroit, MI"
"Team Leader, Software Engineering and Agile","Quicken Loans, LLC","Detroit, MI"
"Principal, Security Engineering",E-TRADE,"Alpharetta, GA"
"Website Developer in Royal Palm Beach, FL","Internet Resource Group, Inc.","Royal Palm Beach, FL"
Software Engineer I,West Coast Consulting LLC,"Menlo Park, CA"
Software Developer,Standard Goods LLC,"Dover Plains, NY"
Web Application Developer,West Herr Automotive Group,"Orchard Park, NY"
Bioinformatician,Scientific Search,"Piscataway, NJ"
Systems Programmer,"Walrath Recruiting, Inc.","Latham, NY"
Senior Web and Applications Developer,The National Federation of the Blind,"BALTIMORE, MD"
Full Stack Developer,Interactive Offers,"BOCA RATON, FL"
Senior Software Engineer,JobTarget,"Stamford, CT"
Drupal Commerce Engineer,"Agile Global Solutions, Inc.","Elk Grove, CA"
Web Developer,Mueller Inc,"Dallas, TX"
Web Developer (in house),"Mississippi State University, Dept. WFA","MISSISSIPPI STATE, MS"
Senior Software Engineer (Remote Eligible),Relatient LLC,"Franklin, TN"
Lead Application Developer,Oregon Mutual Insurance,"Portland, OR"
Sr. Drupal Developer,US Tech Solutions,"Austin, TX"
APIGEE API developer,iPivot LLC,"San Francisco, CA"
"Engineer, Software I",Leviton Manufacturing,"Melville, NY"
Senior Optics Engineer - Aero Displays & Graphics,Honeywell,"Phoenix, AZ"
Senior Site Reliability Engineer (DevOps),Reynolds and Reynolds,"Dayton, OH"
Software Developer Intern - Spring 2021,Blubrry,"Westerville, OH"
Full Stack Developer,"DSS, Inc.","Juno Beach, FL"
Website Developer,"King Technology, inc.","Springfield, IL"
Registered Nurse Emergency Department PRN,University Hospital - Broward County,"Tamarac, FL"
Registered Nurse  ICU  PRN,JFK Medical Center North Campus,"West Palm Beach, FL"
Application Systems Analyst - IHS,Chickasaw Nation Industries,"Rockville, MD"
Security Architect,ProTech Solutions,"Birmingham, AL"
Magento Developer,Virtusa,"Houston, TX"
DevOps (Ansible) / Cloud Engineers (US Cit to pass Secret level security clearance),M9 Solutions,"Chantilly, VA"
UI Lead/Architect,Sigma Software,"Dallas, TX"
Software Developer,CBTS a Cincinnati Bell Company,"Hamilton, OH"
Enterprise Application Developer,"Analytical Mechanics Associates, Inc.","Huntsville, AL"
Web Developer,ATAC Corp.,"Santa Clara, CA"
Software Engineer I-10847908,L&T TECHNOLOGY SERVICES LIMITED,"Menlo Park, CA"
Systems Support,APR Consulting,"Lockport, NY"
Network Engineer III - DOCSIS Operations,SPECTRUM,"Brighton, CO"
Senior API Architect (Apigee),VincentBenjamin,"Tempe, AZ"
Python/Django developer,Tech Staffing,"New York, NY"
.Net Full Stack Developer,Tech Mahindra Limited,"Austin, TX"
Java Full Stack Developer,Aurum Data Solutions,"Austin, TX"
Magento Lead,Cognizant,"St Louis, MO"
.Net Application Developer (AVA634950),AVA Consulting,"Little Rock, AR"
Golang Application Developer,PRI Technology,"Troy Hills, NJ"
Sr. .NET Developer,VLS Systems,"Neenah, WI"
Mid-Level Software Engineer,"ECS Federal, LLC","Fairfax County, VA"
E-Commerce Developer,Pharmavite LLC,"West Hills, CA"
UI / UX Designer (75%) & Developer (25%),"LingaTech, Inc.","Harrisburg, PA"
Addiction Psychiatrist,Acadia Healthcare,"Lemont, IL"
"Part-time (30hrs a week) C/A Psychiatry, Chester County",Universal Health Services,"Philadelphia, PA"
System Director of Outpatient Behavioral Health Services - Columbus,OhioHealth,"Columbus, OH"
"Psychiatrist in Lehigh Acres, FL",Prime Healthcare Services,"Lehigh Acres, FL"
BC Child & Adolescent Psychiatrist with interest in developing a Child Adolescent Psychiatry Fellowship program,Sanford Health - North,"Fargo, ND"
Child and Adolescent Outpatient Psychiatrist,Inova Health Care Services,"Fairfax, VA"
Augusta GA Psychiatry - No Call No Weekends,Enterprise Medical Services,"Augusta, GA"
Inpatient and Outpatient Psychiatry in Denver,HCA Physician Services,"Denver, CO"
Seeking IP/OP Adult & C/A Psychiatrist,Bay Psychiatric Associates,"BERKELEY, CA"
"Geriatric Psychiatrist Needed in Austin, TX",Comp Health,"Austin, TX"
"Exciting Psychiatry Opportunity in Augusta, GA",HCA Carolina Division,"Augusta, GA"
"Full-Time, Monday-Friday - Rural Psychiatry Position Available",ProMedica,"Defiance, OH"
"Medical Director, BH Services, Lansing, MI",Horizon Health,"Lansing, MI"
Inpatient Psychiatry - Advocate Christ Medical Center,AdvocateAuroraHealth,"Oak Lawn, IL"
Principal Software Engineer,ScientiaMobile,"Reston, VA"
Software Engineer,"Harvey Nash, Inc","Seattle, WA"
Lead Web Developer,Jobot,"Basking Ridge, NJ"
Database Administrator,Pecan Street Inc.,
Drupal Developer - Citizenship/Permanent Residency,System One,"Princeton, NJ"
Drupal Architect,Apex Systems,"Austin, TX"
Hadoop developer,Collabera,"Addison, TX"
Milieu Technician - Telecom Switchboard (Brighton Center for Recovery - As Needed),Ascension,"Brighton, MI"
Senior Web Developer,Randstad Technologies,"Rock Island, IL"
Formstack API Developer,Eclaro,"Kennesaw, GA"
Quality Assurance Tech II,TalentBurst Inc,"Seattle, WA"
Sr. Software Developer (TS/SCI Clearance),Softworld Inc,"Springfield, VA"
ASSOCIATE IT ANALYST - SOFTWARE DEVELOPMENT,Southwest Research Institute,"San Antonio, TX"
Software Engineer Jobs in Aurora CO   IT Job Recruiters,"Softworld, Inc.","Aurora, CO"
QA & Testing Advisor,The Judge Group,"Austin, TX"
Intermediate Web Developer,Genuent,"Ontario, CA"
Hadoop Developer (s),Diversant LLC,"Addison, TX"
IT Security Manager,Case Interactive,"Lyndhurst, NJ"
Tableau Architect,Genesis10,"Plano, TX"
Web Developer,Vaco - Richmond,"Farmville, VA"
Sr. Software/Java Architect - TS/SCI,"Intelligent Waves, LLC.","Aurora, CO"
Sr IA Engineer (Must have Active TS Clearance),Smartlink Group,"Washington, DC"
WordPress Developer,JFC Global,"Lancaster, PA"
Magento Consultant,The Accuro Group,"Malvern, PA"
Ping Identity Engineer (Remote until COVID-19 Ends),Mastech Digital,"Dallas, TX"
SR. NETWORK SECURITY ENGINEER,UW Medicine IT Services,"Seattle, WA"
Principal IT Developer,Alluvion Staffing,"Jacksonville, FL"
REMOTE Midlevel React Native Stack Developers (Laravel AWS)   eLearning,Entegee,"Baltimore, MD"
Associate Lab,Spherion,"Thousand Oaks, CA"
Statistician/Programmer,"IMS, Inc.","Rockville, MD"
Associate Lab Ambassador,PerkinElmer,"Thousand Oaks, CA"
SR Software Engineer,"Nesco Resource, LLC","TUCSON, AZ"
Web Developer - Magento -Perm!,CyberCoders,"Brooklyn, NY"
Japanese Bilingual Software Engineer,Advantage Resourcing,"Huntington Beach, CA"
"Software Engineer, Wordpress",Rock Central,"Detroit, MI"
.Net Full Stack Developer,Tech Mahindra Limited,"Austin, TX"
Software Architect,"Quicken Loans, LLC","Phoenix, AZ"
Java Developer,SNI Technology,"Maitland, FL"
Mid-Level Software Engineer,JobTarget,"Stamford, CT"
AWS Network Engineer (Remote Eligible),Relatient LLC,"Franklin, TN"
Associate Application Developer,Oregon Mutual Insurance,"Medford, OR"
Registered Nurse   Emergency Dept,JFK Medical Center North Campus,"West Palm Beach, FL"
Systems Administrator,APR Consulting,"Lockport, NY"
Systems Engineer IV - Application Analyst,SPECTRUM,"Arvada, CO"
Sr. QA Engineer (API/Apigee),VincentBenjamin,"Tempe, AZ"
DevOps/Infrastructure Engineer (AVA0020),AVA Consulting,"Alpharetta, GA"
Magento Lead,Cognizant,"St Louis, MO"
Medical Director,Acadia Healthcare,"Austin, TX"
Psychiatrist for employed position in west Texas,Universal Health Services,"Amarillo, TX"
Psychiatrist - Mansfield,OhioHealth,"Mansfield, OH"
"Psychiatry opening in Augusta, GA",Enterprise Medical Services,"Augusta, GA"
"Outpatient Psychiatrist - Mission Health in Asheville, NC",HCA Physician Services,"Asheville, NC"
Adolescent Inpatient Psychiatrist,Inova Health Care Services,"Falls Church, VA"
"Child Adolescent Psychiatrist Needed in Austin, TX",Comp Health,"Austin, TX"
"7 on / 7 off, Employed Academic Psychiatric Hospitalist needed in Macon, GA",HCA Carolina Division,"Macon, GA"
"Staff Software Engineer, Junior","ECS Federal, Inc.","Tacoma, WA"
Lead Web Developer,Jobot,"Easton, PA"
Master Level Outpatient Therapist - Brighton Center for Recovery (Fee Split Paid),Ascension,"Brighton, MI"
Sr. Java Developer,Randstad Technologies,"Jacksonville, FL"
Junior Software Developer - TS/SCI Jobs in Arnold MO   IT Job Recruiters,"Softworld, Inc.","Arnold, MO"
Software Engineer - C#/Java/Python,"Harvey Nash, Inc","Seattle, WA"
Web Designer,Apex Systems,"Irvine, CA"
Web Designer / Developer - III,The Judge Group,"Irvine, CA"
Application Programmer V- Hadoop,Diversant LLC,"Addison, TX"
Full Time Web Developer,Vaco - Richmond,"Richmond, VA"
Cyber Security Manager,Case Interactive,"Lyndhurst, NJ"
Software Developer,Collabera,"Farmington Hills, MI"
Manager of Software Engineering,Genuent,"Aliso Viejo, CA"
Magento Consultant,The Accuro Group,"Malvern, PA"
Lead Software Quality Assurance Engineer,Genesis10,"Eden Prairie, MN"
Ember Developer - USC or Permanent Residency Only,System One,"Princeton, NJ"
SERVICENOW DEVELOPER,UW Medicine IT Services,"Seattle, WA"
PHP Developer,William Hill,"Las Vegas, NV"
Systems/Software Engineer,CyberCoders,"Crothersville, IN"
Salesforce Developer,"Quicken Loans, LLC","Detroit, MI"
Associate Application Developer,Oregon Mutual Insurance,"Boise, ID"
Registered Nurse Clinical Coord,JFK Medical Center North Campus,"West Palm Beach, FL"
LINUX Administrator,APR Consulting,"Lockport, NY"
Systems Engineer III,SPECTRUM,"Fenton, MO"
API Developer,VincentBenjamin,"Tempe, AZ"
FT Psychiatrist - Adult,Acadia Healthcare,"Columbus, OH"
Web Developer,SNI Technology,"Maitland, FL"
"Psychiatrist Opportunity - Consult Liaison in Columbus, OH",OhioHealth,"Columbus, OH"
Child Psychiatrist - Inpatient Services - Boston/Providence area,Universal Health Services,"South Attleboro, MA"
Inpatient Psychiatrist close to Washington D.C.,Inova Health Care Services,"Alexandria, VA"
"Myrtle Beach, SC Psychiatry -Inpatient 7 on/7 off",Enterprise Medical Services,"Myrtle Beach, SC"
"Child Adolescent Psychiatry Medical Director Need in Union County, PA",Comp Health,"Union County, PA"
GME Psychiatry Clinic Director Opening in Orlando,HCA Physician Services,"Kissimmee, FL"
Junior Software Engineer,JobTarget,"Stamford, CT"
Sr. Software Devleoper Jobs in Arnold MO   IT Job Recruiters,"Softworld, Inc.","Arnold, MO"
Full Stack Developer,Jobot,"New Orleans, LA"
QA & Testing Advisor,Apex Systems,"Austin, TX"
"Technical Product Owner, Global Online","Harvey Nash, Inc","Manhattan, NY"
Devops Engineer,The Judge Group,"White Plains, NY"
Senior Software Engineer,Randstad Technologies,"Louisville, KY"
Drupal Developer,Collabera,"Austin, TX"
Cloud Reliability & Operations Engineer,Genesis10,"New York, NY"